tag,video_name
NIA_SL_SEN1032,E:/군순/train/NIA_SL_SEN1032/NIA_SL_SEN1032_REAL03_D.mp4
NIA_SL_SEN1032,E:/군순/train/NIA_SL_SEN1032/NIA_SL_SEN1032_REAL03_F.mp4
NIA_SL_SEN1032,E:/군순/train/NIA_SL_SEN1032/NIA_SL_SEN1032_REAL03_L.mp4
NIA_SL_SEN1032,E:/군순/train/NIA_SL_SEN1032/NIA_SL_SEN1032_REAL03_R.mp4
NIA_SL_SEN1032,E:/군순/train/NIA_SL_SEN1032/NIA_SL_SEN1032_REAL03_U.mp4
NIA_SL_SEN1041,E:/군순/train/NIA_SL_SEN1041/NIA_SL_SEN1041_REAL03_D.mp4
NIA_SL_SEN1041,E:/군순/train/NIA_SL_SEN1041/NIA_SL_SEN1041_REAL03_F.mp4
NIA_SL_SEN1041,E:/군순/train/NIA_SL_SEN1041/NIA_SL_SEN1041_REAL03_L.mp4
NIA_SL_SEN1041,E:/군순/train/NIA_SL_SEN1041/NIA_SL_SEN1041_REAL03_R.mp4
NIA_SL_SEN1041,E:/군순/train/NIA_SL_SEN1041/NIA_SL_SEN1041_REAL03_U.mp4
NIA_SL_SEN1082,E:/군순/train/NIA_SL_SEN1082/NIA_SL_SEN1082_REAL03_D.mp4
NIA_SL_SEN1082,E:/군순/train/NIA_SL_SEN1082/NIA_SL_SEN1082_REAL03_F.mp4
NIA_SL_SEN1082,E:/군순/train/NIA_SL_SEN1082/NIA_SL_SEN1082_REAL03_L.mp4
NIA_SL_SEN1082,E:/군순/train/NIA_SL_SEN1082/NIA_SL_SEN1082_REAL03_R.mp4
NIA_SL_SEN1082,E:/군순/train/NIA_SL_SEN1082/NIA_SL_SEN1082_REAL03_U.mp4
NIA_SL_SEN1090,E:/군순/train/NIA_SL_SEN1090/NIA_SL_SEN1090_REAL03_D.mp4
NIA_SL_SEN1090,E:/군순/train/NIA_SL_SEN1090/NIA_SL_SEN1090_REAL03_F.mp4
NIA_SL_SEN1090,E:/군순/train/NIA_SL_SEN1090/NIA_SL_SEN1090_REAL03_L.mp4
NIA_SL_SEN1090,E:/군순/train/NIA_SL_SEN1090/NIA_SL_SEN1090_REAL03_R.mp4
NIA_SL_SEN1090,E:/군순/train/NIA_SL_SEN1090/NIA_SL_SEN1090_REAL03_U.mp4
NIA_SL_SEN1103,E:/군순/train/NIA_SL_SEN1103/NIA_SL_SEN1103_REAL03_D.mp4
NIA_SL_SEN1103,E:/군순/train/NIA_SL_SEN1103/NIA_SL_SEN1103_REAL03_F.mp4
NIA_SL_SEN1103,E:/군순/train/NIA_SL_SEN1103/NIA_SL_SEN1103_REAL03_L.mp4
NIA_SL_SEN1103,E:/군순/train/NIA_SL_SEN1103/NIA_SL_SEN1103_REAL03_R.mp4
NIA_SL_SEN1103,E:/군순/train/NIA_SL_SEN1103/NIA_SL_SEN1103_REAL03_U.mp4
NIA_SL_SEN1173,E:/군순/train/NIA_SL_SEN1173/NIA_SL_SEN1173_REAL03_D.mp4
NIA_SL_SEN1173,E:/군순/train/NIA_SL_SEN1173/NIA_SL_SEN1173_REAL03_F.mp4
NIA_SL_SEN1173,E:/군순/train/NIA_SL_SEN1173/NIA_SL_SEN1173_REAL03_L.mp4
NIA_SL_SEN1173,E:/군순/train/NIA_SL_SEN1173/NIA_SL_SEN1173_REAL03_R.mp4
NIA_SL_SEN1173,E:/군순/train/NIA_SL_SEN1173/NIA_SL_SEN1173_REAL03_U.mp4
NIA_SL_SEN1245,E:/군순/train/NIA_SL_SEN1245/NIA_SL_SEN1245_REAL03_D.mp4
NIA_SL_SEN1245,E:/군순/train/NIA_SL_SEN1245/NIA_SL_SEN1245_REAL03_F.mp4
NIA_SL_SEN1245,E:/군순/train/NIA_SL_SEN1245/NIA_SL_SEN1245_REAL03_L.mp4
NIA_SL_SEN1245,E:/군순/train/NIA_SL_SEN1245/NIA_SL_SEN1245_REAL03_R.mp4
NIA_SL_SEN1245,E:/군순/train/NIA_SL_SEN1245/NIA_SL_SEN1245_REAL03_U.mp4
NIA_SL_SEN1247,E:/군순/train/NIA_SL_SEN1247/NIA_SL_SEN1247_REAL03_D.mp4
NIA_SL_SEN1247,E:/군순/train/NIA_SL_SEN1247/NIA_SL_SEN1247_REAL03_F.mp4
NIA_SL_SEN1247,E:/군순/train/NIA_SL_SEN1247/NIA_SL_SEN1247_REAL03_L.mp4
NIA_SL_SEN1247,E:/군순/train/NIA_SL_SEN1247/NIA_SL_SEN1247_REAL03_R.mp4
NIA_SL_SEN1247,E:/군순/train/NIA_SL_SEN1247/NIA_SL_SEN1247_REAL03_U.mp4
NIA_SL_SEN1305,E:/군순/train/NIA_SL_SEN1305/NIA_SL_SEN1305_REAL03_D.mp4
NIA_SL_SEN1305,E:/군순/train/NIA_SL_SEN1305/NIA_SL_SEN1305_REAL03_F.mp4
NIA_SL_SEN1305,E:/군순/train/NIA_SL_SEN1305/NIA_SL_SEN1305_REAL03_L.mp4
NIA_SL_SEN1305,E:/군순/train/NIA_SL_SEN1305/NIA_SL_SEN1305_REAL03_R.mp4
NIA_SL_SEN1305,E:/군순/train/NIA_SL_SEN1305/NIA_SL_SEN1305_REAL03_U.mp4
NIA_SL_SEN1308,E:/군순/train/NIA_SL_SEN1308/NIA_SL_SEN1308_REAL03_D.mp4
NIA_SL_SEN1308,E:/군순/train/NIA_SL_SEN1308/NIA_SL_SEN1308_REAL03_F.mp4
NIA_SL_SEN1308,E:/군순/train/NIA_SL_SEN1308/NIA_SL_SEN1308_REAL03_L.mp4
NIA_SL_SEN1308,E:/군순/train/NIA_SL_SEN1308/NIA_SL_SEN1308_REAL03_R.mp4
NIA_SL_SEN1308,E:/군순/train/NIA_SL_SEN1308/NIA_SL_SEN1308_REAL03_U.mp4
NIA_SL_SEN1370,E:/군순/train/NIA_SL_SEN1370/NIA_SL_SEN1370_REAL03_D.mp4
NIA_SL_SEN1370,E:/군순/train/NIA_SL_SEN1370/NIA_SL_SEN1370_REAL03_F.mp4
NIA_SL_SEN1370,E:/군순/train/NIA_SL_SEN1370/NIA_SL_SEN1370_REAL03_L.mp4
NIA_SL_SEN1370,E:/군순/train/NIA_SL_SEN1370/NIA_SL_SEN1370_REAL03_R.mp4
NIA_SL_SEN1370,E:/군순/train/NIA_SL_SEN1370/NIA_SL_SEN1370_REAL03_U.mp4
NIA_SL_SEN1376,E:/군순/train/NIA_SL_SEN1376/NIA_SL_SEN1376_REAL03_D.mp4
NIA_SL_SEN1376,E:/군순/train/NIA_SL_SEN1376/NIA_SL_SEN1376_REAL03_F.mp4
NIA_SL_SEN1376,E:/군순/train/NIA_SL_SEN1376/NIA_SL_SEN1376_REAL03_L.mp4
NIA_SL_SEN1376,E:/군순/train/NIA_SL_SEN1376/NIA_SL_SEN1376_REAL03_R.mp4
NIA_SL_SEN1376,E:/군순/train/NIA_SL_SEN1376/NIA_SL_SEN1376_REAL03_U.mp4
NIA_SL_SEN1387,E:/군순/train/NIA_SL_SEN1387/NIA_SL_SEN1387_REAL03_D.mp4
NIA_SL_SEN1387,E:/군순/train/NIA_SL_SEN1387/NIA_SL_SEN1387_REAL03_F.mp4
NIA_SL_SEN1387,E:/군순/train/NIA_SL_SEN1387/NIA_SL_SEN1387_REAL03_L.mp4
NIA_SL_SEN1387,E:/군순/train/NIA_SL_SEN1387/NIA_SL_SEN1387_REAL03_R.mp4
NIA_SL_SEN1387,E:/군순/train/NIA_SL_SEN1387/NIA_SL_SEN1387_REAL03_U.mp4
NIA_SL_SEN1854,E:/군순/train/NIA_SL_SEN1854/NIA_SL_SEN1854_REAL03_D.mp4
NIA_SL_SEN1854,E:/군순/train/NIA_SL_SEN1854/NIA_SL_SEN1854_REAL03_F.mp4
NIA_SL_SEN1854,E:/군순/train/NIA_SL_SEN1854/NIA_SL_SEN1854_REAL03_L.mp4
NIA_SL_SEN1854,E:/군순/train/NIA_SL_SEN1854/NIA_SL_SEN1854_REAL03_R.mp4
NIA_SL_SEN1854,E:/군순/train/NIA_SL_SEN1854/NIA_SL_SEN1854_REAL03_U.mp4
NIA_SL_SEN1881,E:/군순/train/NIA_SL_SEN1881/NIA_SL_SEN1881_REAL03_D.mp4
NIA_SL_SEN1881,E:/군순/train/NIA_SL_SEN1881/NIA_SL_SEN1881_REAL03_F.mp4
NIA_SL_SEN1881,E:/군순/train/NIA_SL_SEN1881/NIA_SL_SEN1881_REAL03_L.mp4
NIA_SL_SEN1881,E:/군순/train/NIA_SL_SEN1881/NIA_SL_SEN1881_REAL03_R.mp4
NIA_SL_SEN1881,E:/군순/train/NIA_SL_SEN1881/NIA_SL_SEN1881_REAL03_U.mp4
